Id,X,Y,Z,R,G,B,Genre,Parents,Brothers,Number
501,2.9471478786233,-14.3169234182141,-2.34926029444497,228,26,28,classic pop and rock,276,1,1
503,0.0445871923812406,5.8656000219184,1.17070930929225,77,175,74,folk,138-139-140-141-142-143-144-145-146-129-130-131-132-133-134-135-136-137,3,18
507,-0.879836092216828,-2.54272095902082,-0.699774220681297,247,129,191,pop,30-35-36-37-64-41-44-46-60-40,7,10
509,5.89241155125659,10.9198502344983,1.6813874150165,255,255,51,soul and reggae,83-84-85-82-90,9,5
