UserID, TaskID, Version, Scenario, VR, Time(sec), Clones, Delete accepted, Delete canceled, Select Subspaces(clicks), Select Single, Brushing(clicks), APickup(sec), ARotation(sec), ATraslation(sec), AScale(sec), ANavSlaving(sec), BPickup(sec), BRotation(sec), BTraslation(sec), BScale(sec), BNavSlaving(sec), UserAnswer, CorrectAnswer
50012,3,0,1,False,250.4636,0,0,0,1,0,116,3.79157,2.009921,0.1763878,0,0, 0 , 0 , 0 , 0, 0,#Genre Bar 0: 1-3-2-4-6-7-8-9-5-#Artist Projection 0: #Music Projection 0: 32-33-34-61-71-91-189-58-238-239-240-57-127-148-149-150-151-152-153-154-155-156-157-158-159-241-50-51-52-53-70-72-73-115-116-117-118-119-120-121-122-123-124-125-126-161-162-40-41-44-46-60-129-130-131-132-133-134-135-136-137-276-36-37-64-35-90-138-139-140-141-142-143-144-145-146-82-30-83-84-85-62-63-65-66-48-49-173-191-264-317-318-43-108-109-110-111-112-113-114-252-31-190-211-213-215-216-218-221-223-225-234-237-320-321-322-323-324-325-326-327-328-329-330-331-332-333-45-254-255-257-258-259-357-358-359-360-361-362-363-364-365-366-367-42-47-128-208-209-210-212-214-217-219-220-222-224-226-227-228-229-230-231-232-233-235-242-243-244-245-246-247-248-249-250-251-256-303-304-305-306-307-308-309-310-311-312-313-54-55-56-93-94-95-96-97-98-99-100-101-102-103-104-105-106-107-147-160-165-166-167-168-169-170-171-172-174-175-176-177-178-179-180-181-182-183-184-185-186-187-188-192-193-194-195-196-197-198-199-200-201-202-203-204-205-206-207-339-343-#Year Bar 0: 626-624-625-623-622-621-620-619-618-617-627-628-629-630-631-632-633-,Clasic Rock and pop
